id,first_name,last_name,email,gender,ip_address
1,Myrvyn,Parks,mparks0@guardian.co.uk,Male,208.215.153.219
2,Dieter,Apfelmann,dapfelmann1@gov.uk,Male,46.87.147.37
3,Kile,Swallow,kswallow2@booking.com,Male,215.41.29.120
4,Callean,MacQuist,cmacquist3@engadget.com,Male,97.144.120.13
5,Claudine,Cornely,ccornely4@businesswire.com,Female,187.155.246.251
6,Seumas,Tipton,stipton5@whitehouse.gov,Male,134.166.68.118
7,Naomi,Bullent,nbullent6@seesaa.net,Female,79.179.254.123
8,Sigismondo,Yelding,syelding7@digg.com,Male,197.10.173.146
9,Winifred,Sheaf,wsheaf8@cbslocal.com,Female,75.146.210.166
10,Mahala,Cahani,mcahani9@desdev.cn,Female,160.41.242.94
11,Xymenes,Fishpoole,xfishpoolea@theglobeandmail.com,Male,254.72.106.86
12,Julee,Raymont,jraymontb@mayoclinic.com,Female,122.150.146.79
13,Malissa,Dipple,mdipplec@si.edu,Female,86.75.131.38
14,Stafford,Bertwistle,sbertwistled@samsung.com,Male,254.168.198.62
15,Clyve,Macenzy,cmacenzye@cdbaby.com,Male,86.207.128.39
16,Flin,Rizzardi,frizzardif@meetup.com,Male,136.194.145.233
17,Davin,Kirkpatrick,dkirkpatrickg@parallels.com,Male,116.247.164.219
18,Arman,Oger,aogerh@gizmodo.com,Male,135.229.131.130
19,Othelia,Maile,omailei@cargocollective.com,Female,241.111.142.44
20,Marylou,Matyasik,mmatyasikj@spiegel.de,Female,213.44.228.149
21,Molly,Wadsworth,mwadsworthk@discovery.com,Female,181.102.166.122
22,Lonnard,Smurthwaite,lsmurthwaitel@xing.com,Male,84.73.41.138
23,Edgar,Clail,eclailm@cnet.com,Male,154.8.126.248
24,Damara,Emmens,demmensn@diigo.com,Agender,254.70.168.119
25,Gaylord,Speares,gspeareso@imageshack.us,Male,54.39.144.150
26,Simon,Morrant,smorrantp@patch.com,Male,192.74.181.152
27,Lothario,Iacovolo,liacovoloq@craigslist.org,Non-binary,130.122.251.215
28,Edwin,Ussher,eussherr@ed.gov,Male,40.128.173.199
29,Wanda,Doone,wdoones@princeton.edu,Female,95.4.218.31
30,Emylee,La Grange,elagranget@blog.com,Female,118.244.81.223
31,Matilda,Tesh,mteshu@msn.com,Female,219.61.6.122
32,Vinny,Mordacai,vmordacaiv@umn.edu,Male,77.228.140.152
33,Mona,Sylett,msylettw@ocn.ne.jp,Female,1.191.17.134
34,Benetta,Donalson,bdonalsonx@bluehost.com,Female,55.59.250.184
35,Luci,Ciraldo,lciraldoy@w3.org,Genderfluid,148.190.39.119
36,Codi,Menault,cmenaultz@un.org,Female,130.249.85.77
37,Cirillo,Pues,cpues10@theatlantic.com,Male,247.226.43.195
38,Nedi,Prattington,nprattington11@answers.com,Genderqueer,122.155.136.71
39,Almeta,Collyear,acollyear12@typepad.com,Agender,247.2.0.246
40,Cassie,O'Hara,cohara13@blogspot.com,Female,218.15.65.57
41,Lyndsey,Capozzi,lcapozzi14@alibaba.com,Female,21.36.84.105
42,Elisa,Mechi,emechi15@cocolog-nifty.com,Female,203.188.33.48
43,Xylia,Vase,xvase16@issuu.com,Female,129.29.19.179
44,Elbert,Plaistowe,eplaistowe17@cnbc.com,Male,131.45.210.206
45,Jules,Matthessen,jmatthessen18@usgs.gov,Non-binary,36.251.138.143
46,Tami,Du Plantier,tduplantier19@yellowbook.com,Female,93.100.183.120
47,Arluene,Raspin,araspin1a@dot.gov,Female,221.254.182.64
48,Sheffield,MacAlpine,smacalpine1b@webs.com,Male,180.27.111.123
49,Briny,Skirling,bskirling1c@uol.com.br,Female,116.120.250.10
50,Putnam,Jeandin,pjeandin1d@senate.gov,Genderfluid,113.191.241.223
51,Kalli,Persey,kpersey1e@mapy.cz,Female,44.189.20.195
52,Justina,Union,junion1f@msn.com,Female,86.88.178.96
53,Audi,Nannini,anannini1g@nymag.com,Female,3.117.234.1
54,Randolph,Semorad,rsemorad1h@canalblog.com,Male,208.241.225.148
55,Sher,Stringer,sstringer1i@wsj.com,Female,118.179.222.186
56,Sergeant,Shipcott,sshipcott1j@about.me,Non-binary,113.204.58.181
57,Pollyanna,Mallender,pmallender1k@simplemachines.org,Female,251.193.137.248
58,Jae,Cookney,jcookney1l@tinyurl.com,Male,236.37.239.148
59,Chip,Ossulton,cossulton1m@comsenz.com,Male,201.233.114.242
60,Cletus,Audrey,caudrey1n@oaic.gov.au,Male,236.82.122.121
61,Anabelle,Corless,acorless1o@bloglines.com,Female,156.161.88.185
62,Lorri,Riccard,lriccard1p@newyorker.com,Female,235.96.195.225
63,Aubree,Lemerle,alemerle1q@japanpost.jp,Female,129.95.25.183
64,Anatole,Hallatt,ahallatt1r@smugmug.com,Male,161.140.134.208
65,Noll,Goundry,ngoundry1s@fda.gov,Male,207.93.148.167
66,Kippy,Vanyashin,kvanyashin1t@msn.com,Female,210.172.186.227
67,Livvie,Prendeguest,lprendeguest1u@last.fm,Female,89.240.66.104
68,Lionello,Rosell,lrosell1v@google.com,Bigender,239.3.151.52
69,Brittney,Cardwell,bcardwell1w@nih.gov,Female,26.194.187.196
70,Daniella,Youles,dyoules1x@china.com.cn,Female,23.197.240.133
71,Ferdie,Gwinn,fgwinn1y@unicef.org,Genderqueer,77.75.249.189
72,Layney,McCullough,lmccullough1z@icio.us,Female,7.200.212.135
73,Brooke,Pelosi,bpelosi20@bloglines.com,Male,240.241.120.23
74,Antonin,Cassimer,acassimer21@seattletimes.com,Male,194.26.229.37
75,Andre,Conway,aconway22@phoca.cz,Male,182.133.105.254
76,Karlens,Carous,kcarous23@scribd.com,Male,251.247.177.244
77,Alisun,Proudley,aproudley24@lulu.com,Female,98.130.49.180
78,Dorisa,Sheircliffe,dsheircliffe25@reuters.com,Female,92.191.237.148
79,Brigid,Rysom,brysom26@cornell.edu,Female,86.3.36.242
80,Gisele,Grundwater,ggrundwater27@webeden.co.uk,Female,99.14.203.63
81,Domingo,Cargill,dcargill28@earthlink.net,Male,143.192.223.122
82,Alyssa,Mattisssen,amattisssen29@forbes.com,Female,112.182.174.133
83,Kristina,Ossipenko,kossipenko2a@thetimes.co.uk,Female,3.100.192.176
84,Dolph,Coxhell,dcoxhell2b@arstechnica.com,Male,141.58.105.70
85,Oneida,Thowless,othowless2c@slashdot.org,Female,181.158.187.196
86,Manfred,Vinten,mvinten2d@tinypic.com,Male,93.127.35.65
87,Conant,Abramof,cabramof2e@techcrunch.com,Male,122.134.217.50
88,Isahella,Spaule,ispaule2f@sciencedaily.com,Female,169.251.71.172
89,Gamaliel,Rickell,grickell2g@pinterest.com,Male,225.108.111.129
90,Evie,Vitall,evitall2h@yandex.ru,Female,216.30.61.214
91,Trudy,Culbard,tculbard2i@jimdo.com,Female,4.42.85.250
92,Tani,Tratton,ttratton2j@microsoft.com,Female,123.138.211.10
93,Robinet,Parmenter,rparmenter2k@wufoo.com,Male,178.79.43.189
94,Brandy,Lehr,blehr2l@ning.com,Female,92.207.254.222
95,Shay,Brockhurst,sbrockhurst2m@intel.com,Female,158.56.167.72
96,Cora,Greenhow,cgreenhow2n@linkedin.com,Female,74.206.2.96
97,Neala,Mc Curlye,nmccurlye2o@tripod.com,Female,91.198.102.66
98,Glennie,Pember,gpember2p@twitter.com,Female,214.17.226.43
99,Berenice,Drinkwater,bdrinkwater2q@devhub.com,Female,183.254.216.137
100,Dunn,Filchakov,dfilchakov2r@msu.edu,Male,155.178.26.15
101,Danella,Gajownik,dgajownik2s@amazon.co.jp,Female,72.55.116.235
102,Noelani,Ciciari,nciciari2t@dropbox.com,Polygender,86.13.22.245
103,Vanya,Baterip,vbaterip2u@csmonitor.com,Female,35.201.243.42
104,Rancell,Vockins,rvockins2v@slate.com,Male,53.108.204.66
105,Betti,Beste,bbeste2w@mapy.cz,Female,15.30.47.170
106,Cindie,Lapthorne,clapthorne2x@example.com,Female,78.162.69.189
107,Vidovik,de Villier,vdevillier2y@canalblog.com,Male,5.208.143.114
108,Tamarah,Davidovics,tdavidovics2z@omniture.com,Female,169.64.217.231
109,Lesya,Fishlock,lfishlock30@ebay.co.uk,Female,140.179.70.238
110,Ashby,Itzcak,aitzcak31@blogtalkradio.com,Male,200.190.112.232
111,Shayne,Thomtson,sthomtson32@ed.gov,Female,77.24.182.152
112,Bell,Annion,bannion33@indiatimes.com,Female,103.93.6.55
113,William,Maw,wmaw34@sogou.com,Male,56.1.182.73
114,Phillipe,Threadgall,pthreadgall35@github.io,Male,150.12.197.44
115,Thomasin,Gabbitus,tgabbitus36@aboutads.info,Female,4.76.216.207
116,Krisha,Troctor,ktroctor37@seesaa.net,Male,204.180.96.54
117,Fidelia,Eatttok,featttok38@livejournal.com,Female,235.229.58.243
118,Thebault,Gino,tgino39@tmall.com,Male,143.116.69.210
119,Jacquette,Halm,jhalm3a@ebay.com,Female,238.243.154.35
120,Virge,Frostdick,vfrostdick3b@slate.com,Male,101.205.128.132
121,Noble,Daskiewicz,ndaskiewicz3c@va.gov,Male,225.70.73.135
122,Burt,Burras,bburras3d@theglobeandmail.com,Male,208.232.29.207
123,Shaylah,Schumacher,sschumacher3e@cam.ac.uk,Female,184.122.198.174
124,Robinetta,McClelland,rmcclelland3f@domainmarket.com,Female,156.175.56.195
125,Petra,Critchell,pcritchell3g@chicagotribune.com,Female,128.248.147.189
126,Lelah,Glowacki,lglowacki3h@wikipedia.org,Female,152.38.140.74
127,Latrena,Tchir,ltchir3i@e-recht24.de,Female,234.2.98.149
128,Wang,Robert,wrobert3j@theglobeandmail.com,Male,71.185.70.85
129,Jelene,Crosser,jcrosser3k@flickr.com,Female,0.212.47.200
130,Penn,Innman,pinnman3l@tinyurl.com,Male,216.103.170.41
131,Port,Stanley,pstanley3m@istockphoto.com,Male,189.114.235.135
132,Fianna,Peplaw,fpeplaw3n@ca.gov,Female,97.186.194.206
133,Kirsten,Radke,kradke3o@github.io,Female,133.18.87.164
134,Yankee,Shelmardine,yshelmardine3p@shutterfly.com,Male,106.36.29.148
135,Mohandis,Marrill,mmarrill3q@vimeo.com,Male,127.214.6.128
136,Dario,Eby,deby3r@narod.ru,Male,119.51.139.201
137,Meridith,Lowres,mlowres3s@earthlink.net,Female,91.103.114.113
138,Estella,Fehely,efehely3t@globo.com,Female,151.87.166.255
139,Marney,Ingles,mingles3u@t-online.de,Female,210.77.104.125
140,Mortie,Ashington,mashington3v@amazon.co.uk,Male,49.82.218.5
141,Marj,Oxbie,moxbie3w@parallels.com,Female,214.72.156.243
142,Grantham,Dugmore,gdugmore3x@hostgator.com,Male,33.101.191.156
143,Marlo,Clifton,mclifton3y@ft.com,Male,203.63.207.212
144,Jocelin,Chaize,jchaize3z@cargocollective.com,Bigender,52.171.190.61
145,Bone,Openshaw,bopenshaw40@mail.ru,Male,178.46.61.130
146,Gabriello,Mallison,gmallison41@dailymotion.com,Male,244.37.57.84
147,Juditha,Sargeaunt,jsargeaunt42@unblog.fr,Female,98.129.114.195
148,Jacinda,Kearle,jkearle43@ca.gov,Female,208.127.52.201
149,Witty,Flaonier,wflaonier44@wufoo.com,Genderfluid,74.73.141.56
150,Mufi,Sarfat,msarfat45@youku.com,Agender,5.236.151.147
151,Pammie,Negus,pnegus46@ycombinator.com,Female,179.117.132.41
152,Edwina,Dudny,edudny47@netlog.com,Genderfluid,239.25.145.71
153,Fran,Hoogendorp,fhoogendorp48@thetimes.co.uk,Male,249.184.184.150
154,Siegfried,Tunna,stunna49@arizona.edu,Agender,127.149.209.50
155,Alexio,Simao,asimao4a@princeton.edu,Male,41.76.83.154
156,Harv,Donett,hdonett4b@dailymotion.com,Male,193.50.23.204
157,Minetta,Coye,mcoye4c@paginegialle.it,Female,124.142.62.246
158,Jessy,Cockhill,jcockhill4d@mayoclinic.com,Female,198.208.146.175
159,Kristine,Yushin,kyushin4e@cdc.gov,Female,253.24.227.151
160,Marlee,Barrett,mbarrett4f@reverbnation.com,Agender,150.46.133.255
161,Louisa,Blackadder,lblackadder4g@jalbum.net,Bigender,60.151.120.103
162,Rosette,Drewet,rdrewet4h@uol.com.br,Female,101.190.43.106
163,Hadlee,O'Murtagh,homurtagh4i@moonfruit.com,Male,124.110.139.177
164,Reynard,Klampt,rklampt4j@flickr.com,Male,201.17.210.32
165,Serena,Merwe,smerwe4k@theatlantic.com,Female,114.110.156.1
166,Vlad,Rimell,vrimell4l@wired.com,Male,37.213.17.164
167,Marilyn,Duke,mduke4m@ezinearticles.com,Female,176.41.126.227
168,Ashli,Alps,aalps4n@hp.com,Female,46.85.243.111
169,Erik,McBeith,emcbeith4o@bloglines.com,Polygender,219.82.44.254
170,Shane,Etuck,setuck4p@deviantart.com,Female,84.196.29.244
171,Shantee,Phillpot,sphillpot4q@webnode.com,Female,211.146.12.63
172,Alic,Heindrick,aheindrick4r@fda.gov,Genderqueer,20.42.44.179
173,Simone,Sansum,ssansum4s@homestead.com,Female,112.93.186.29
174,Emmy,O'Heagertie,eoheagertie4t@cisco.com,Male,230.70.212.10
175,Cordula,Cauderlie,ccauderlie4u@weather.com,Genderqueer,198.119.71.218
176,Eric,Iacopetti,eiacopetti4v@google.de,Male,214.81.155.206
177,Jamal,Crennan,jcrennan4w@rambler.ru,Male,237.63.62.128
178,Wilfrid,Lathom,wlathom4x@amazon.com,Male,231.54.69.23
179,Leoline,Carruth,lcarruth4y@myspace.com,Female,254.100.119.135
180,Lil,Button,lbutton4z@google.cn,Female,132.130.199.204
181,Reid,Lownie,rlownie50@marriott.com,Male,169.28.82.184
182,Phaedra,Elbourne,pelbourne51@etsy.com,Female,251.65.115.119
183,Constancy,Carrigan,ccarrigan52@businessweek.com,Female,254.60.254.14
184,Pernell,Waddie,pwaddie53@msu.edu,Male,155.29.7.92
185,Kendrick,Hagston,khagston54@goodreads.com,Male,42.9.57.159
186,Miranda,Pic,mpic55@qq.com,Female,10.246.75.63
187,Isaak,Elgey,ielgey56@ocn.ne.jp,Male,93.149.224.89
188,Lionello,McFfaden,lmcffaden57@prweb.com,Male,183.102.249.119
189,Alvan,Wolters,awolters58@bloglines.com,Male,73.149.243.17
190,Rubie,Prydie,rprydie59@vinaora.com,Female,174.84.240.222
191,Paulie,Cohr,pcohr5a@amazon.de,Male,221.155.86.244
192,Bentley,Santello,bsantello5b@google.com.au,Male,32.3.156.101
193,Fulton,Rosenblath,frosenblath5c@ox.ac.uk,Male,47.132.222.25
194,Granger,Fairall,gfairall5d@furl.net,Male,99.203.185.113
195,Grace,Garroch,ggarroch5e@about.com,Female,61.189.132.248
196,Emmit,Bysaker,ebysaker5f@auda.org.au,Male,156.81.108.118
197,Salome,Deluce,sdeluce5g@toplist.cz,Female,212.252.99.109
198,Adelle,Decaze,adecaze5h@hud.gov,Female,188.73.165.61
199,Robinette,Boocock,rboocock5i@livejournal.com,Female,204.42.160.233
200,Dominica,Ziemke,dziemke5j@rambler.ru,Female,109.160.139.7
201,Quent,Cattermole,qcattermole5k@guardian.co.uk,Male,33.78.253.17
202,Fanni,Roman,froman5l@addthis.com,Female,111.83.239.235
203,Philomena,Gullyes,pgullyes5m@soup.io,Female,101.251.82.79
204,Debee,Gerardin,dgerardin5n@wikipedia.org,Female,71.11.87.171
205,Cyrus,Strong,cstrong5o@unblog.fr,Non-binary,82.22.49.13
206,Husain,Surridge,hsurridge5p@pbs.org,Male,48.234.226.50
207,Dorene,Stockoe,dstockoe5q@illinois.edu,Female,222.82.224.12
208,Jaquenette,Babon,jbabon5r@newsvine.com,Female,148.96.51.45
209,Lolly,Lightwood,llightwood5s@networksolutions.com,Female,151.239.204.134
210,Veronica,Cranstone,vcranstone5t@instagram.com,Female,141.234.254.213
211,Ced,Suddards,csuddards5u@forbes.com,Polygender,186.149.82.245
212,Gretal,Jenik,gjenik5v@vimeo.com,Female,2.107.81.160
213,Angelica,Boots,aboots5w@zdnet.com,Female,210.79.193.182
214,Enoch,Dionsetto,edionsetto5x@spiegel.de,Male,65.173.95.169
215,Oliy,Kohlert,okohlert5y@ameblo.jp,Bigender,69.251.188.46
216,Craggie,Morstatt,cmorstatt5z@who.int,Male,103.123.119.4
217,Sophia,Isley,sisley60@microsoft.com,Female,25.60.16.178
218,Jacques,Bockings,jbockings61@vimeo.com,Male,82.62.159.158
219,Fidel,Friary,ffriary62@istockphoto.com,Male,169.172.95.155
220,Nichol,Clawley,nclawley63@livejournal.com,Female,111.16.163.135
221,Pennie,Wharmby,pwharmby64@php.net,Female,189.72.207.239
222,Mendie,Ringrose,mringrose65@homestead.com,Male,78.53.18.40
223,Rodd,Tie,rtie66@mlb.com,Male,215.106.69.68
224,Tyler,Goodrick,tgoodrick67@cargocollective.com,Male,5.142.146.61
225,Lev,Torrisi,ltorrisi68@dyndns.org,Male,207.120.8.94
226,Addie,Goldstein,agoldstein69@cpanel.net,Male,177.254.148.145
227,Diego,Creasy,dcreasy6a@paginegialle.it,Male,180.19.131.19
228,Homer,Upwood,hupwood6b@hibu.com,Male,204.209.176.56
229,Clyde,Tours,ctours6c@google.pl,Male,179.73.78.50
230,Mikkel,Northfield,mnorthfield6d@latimes.com,Male,58.180.29.90
231,Raynell,Baudic,rbaudic6e@imageshack.us,Non-binary,237.165.151.135
232,Richie,Millican,rmillican6f@live.com,Male,134.235.184.170
233,Dieter,Branscomb,dbranscomb6g@infoseek.co.jp,Polygender,140.187.142.11
234,Tamqrah,Adlem,tadlem6h@discuz.net,Female,16.166.190.203
235,Sherye,Agglio,sagglio6i@census.gov,Female,96.63.187.140
236,Belvia,Sturror,bsturror6j@ox.ac.uk,Female,183.18.143.210
237,Mirabelle,Walhedd,mwalhedd6k@de.vu,Female,163.222.119.64
238,Jorry,Klaaasen,jklaaasen6l@washingtonpost.com,Female,137.94.67.43
239,Ingamar,Clench,iclench6m@unesco.org,Male,64.79.35.168
240,Gabby,Tydeman,gtydeman6n@harvard.edu,Male,164.201.62.74
241,Ted,Benoiton,tbenoiton6o@discuz.net,Male,94.96.141.210
242,Melli,Ahmad,mahmad6p@myspace.com,Female,34.168.176.22
243,Marianna,Cuncarr,mcuncarr6q@dmoz.org,Female,208.200.202.138
244,Bryn,Chesson,bchesson6r@globo.com,Genderfluid,18.98.73.7
245,Jere,Beddie,jbeddie6s@1688.com,Female,123.98.185.31
246,Clea,Buckley,cbuckley6t@si.edu,Female,101.69.63.20
247,Diane-marie,Strelitz,dstrelitz6u@weather.com,Female,179.6.254.107
248,Beaufort,Paskins,bpaskins6v@mail.ru,Male,72.119.46.67
249,Mattie,Cocozza,mcocozza6w@reuters.com,Male,222.107.37.160
250,Linea,Thomke,lthomke6x@wiley.com,Female,86.45.78.182
251,Vittorio,Filippyev,vfilippyev6y@opensource.org,Male,178.238.124.37
252,Tristan,De Haven,tdehaven6z@sakura.ne.jp,Male,203.28.143.230
253,Mia,Greger,mgreger70@tiny.cc,Female,111.205.165.142
254,Alasdair,Minter,aminter71@berkeley.edu,Male,222.51.119.247
255,Norton,Culy,nculy72@angelfire.com,Male,64.42.81.207
256,Lacey,Axcell,laxcell73@trellian.com,Female,215.240.251.39
257,Friedrick,Toffoletto,ftoffoletto74@xing.com,Male,157.126.16.97
258,Moses,Robard,mrobard75@netlog.com,Male,222.198.15.179
259,Arney,Pepler,apepler76@engadget.com,Male,167.229.160.227
260,Erek,Witcombe,ewitcombe77@google.fr,Male,105.190.74.111
261,Donia,Gibbs,dgibbs78@chron.com,Female,211.132.27.85
262,Tanney,Lucus,tlucus79@columbia.edu,Male,172.217.167.129
263,Finlay,Armer,farmer7a@berkeley.edu,Male,183.134.159.84
264,Henri,Maciaszek,hmaciaszek7b@flavors.me,Male,153.131.55.223
265,Harlie,Hainge,hhainge7c@usda.gov,Female,119.104.76.222
266,Lucio,Rosenblum,lrosenblum7d@weather.com,Male,141.1.10.11
267,Agretha,Silwood,asilwood7e@latimes.com,Female,217.213.194.225
268,Althea,Coddington,acoddington7f@omniture.com,Female,129.249.167.109
269,Otto,Mintram,omintram7g@umn.edu,Male,119.123.250.193
270,Margareta,Hutchason,mhutchason7h@twitpic.com,Polygender,61.47.172.105
271,Ad,Casel,acasel7i@cnbc.com,Male,63.157.52.112
272,Elfrida,Buckham,ebuckham7j@berkeley.edu,Female,164.185.58.207
273,Morris,Pideon,mpideon7k@gov.uk,Male,156.57.214.79
274,Sallyann,McMorran,smcmorran7l@jigsy.com,Female,245.231.70.120
275,Helyn,Girvin,hgirvin7m@dion.ne.jp,Female,134.241.248.70
276,Cyrillus,O'Ferris,coferris7n@usgs.gov,Male,47.9.226.126
277,Gustaf,Spratley,gspratley7o@xinhuanet.com,Male,151.159.124.238
278,Craig,Bartleet,cbartleet7p@dropbox.com,Male,108.145.95.0
279,Batsheva,Soggee,bsoggee7q@indiegogo.com,Female,225.247.228.74
280,Freida,Wishart,fwishart7r@shinystat.com,Female,1.51.68.101
281,Grata,Prin,gprin7s@prnewswire.com,Bigender,145.251.10.181
282,Sasha,Cullinane,scullinane7t@list-manage.com,Female,62.34.188.152
283,Riordan,Ridgwell,rridgwell7u@auda.org.au,Male,199.16.42.25
284,Tabbi,Sage,tsage7v@timesonline.co.uk,Female,203.110.46.7
285,Nessa,Keming,nkeming7w@theatlantic.com,Female,116.237.122.103
286,Lawton,Rown,lrown7x@youtube.com,Polygender,11.173.84.84
287,Wanids,Jouanny,wjouanny7y@live.com,Female,168.250.223.221
288,Muffin,Klain,mklain7z@last.fm,Male,248.207.5.228
289,Cathlene,Bruneton,cbruneton80@usda.gov,Female,13.233.223.31
290,Myranda,Bynert,mbynert81@hatena.ne.jp,Female,29.157.227.245
291,Alexina,Winger,awinger82@bbc.co.uk,Female,251.191.61.33
292,Joby,Rankin,jrankin83@gravatar.com,Female,49.164.142.31
293,Garland,Gwillym,ggwillym84@arstechnica.com,Female,47.175.152.6
294,Mufinella,Shirtcliffe,mshirtcliffe85@angelfire.com,Female,221.161.167.229
295,Melva,Pinsent,mpinsent86@army.mil,Female,166.237.189.140
296,Sybila,Gillivrie,sgillivrie87@vistaprint.com,Female,173.212.10.191
297,Arturo,Torres,atorres88@apache.org,Male,212.119.87.238
298,Julita,Tchaikovsky,jtchaikovsky89@google.ru,Female,8.94.165.30
299,Flss,Tubbs,ftubbs8a@bing.com,Female,125.148.233.173
300,Micki,Scotchforth,mscotchforth8b@over-blog.com,Genderfluid,192.113.221.26
301,Cammy,Goldwater,cgoldwater8c@huffingtonpost.com,Agender,101.113.166.248
302,Selinda,Eyes,seyes8d@google.nl,Female,22.106.23.77
303,Mychal,Mathiassen,mmathiassen8e@seesaa.net,Male,172.8.207.166
304,Sibylla,Linskey,slinskey8f@webmd.com,Female,53.103.56.3
305,Leroy,Rounding,lrounding8g@prlog.org,Male,102.246.1.59
306,Dalt,Wasmer,dwasmer8h@umich.edu,Male,112.222.48.255
307,Puff,Constant,pconstant8i@alibaba.com,Male,61.136.235.50
308,Clovis,Willingale,cwillingale8j@tamu.edu,Female,79.74.148.15
309,Janella,Crowe,jcrowe8k@youku.com,Female,39.72.78.155
310,Melany,Truin,mtruin8l@fema.gov,Female,187.233.57.23
311,Jordon,Scoyles,jscoyles8m@alibaba.com,Male,225.54.139.144
312,Isaac,Sagg,isagg8n@bloomberg.com,Polygender,136.64.135.225
313,Hill,Cardnell,hcardnell8o@ow.ly,Non-binary,255.131.30.154
314,Georgetta,Huffer,ghuffer8p@skype.com,Female,150.97.121.216
315,Lester,Burkart,lburkart8q@disqus.com,Polygender,29.240.172.17
316,Kelcey,Bowser,kbowser8r@ihg.com,Female,178.53.232.105
317,Giselle,Shires,gshires8s@spotify.com,Bigender,195.100.245.99
318,Randene,Letts,rletts8t@arizona.edu,Female,236.233.150.73
319,Giacobo,Lared,glared8u@time.com,Male,43.116.66.191
320,Ado,Hubbins,ahubbins8v@phpbb.com,Male,49.241.238.100
321,Prisca,Liston,pliston8w@amazonaws.com,Female,46.82.244.196
322,Tyler,Arnaldi,tarnaldi8x@furl.net,Genderqueer,155.188.5.57
323,Hewet,Thecham,hthecham8y@omniture.com,Male,40.253.224.73
324,Paulina,Neale,pneale8z@usatoday.com,Female,170.131.93.34
325,Morley,Sibbet,msibbet90@dyndns.org,Male,71.222.240.68
326,Sioux,Eburah,seburah91@bbb.org,Female,188.249.247.219
327,Meggi,Brunger,mbrunger92@ucla.edu,Female,5.86.192.99
328,Moses,Duchan,mduchan93@blog.com,Male,133.46.123.97
329,Patton,Stoyles,pstoyles94@blogger.com,Male,75.151.90.134
330,Stafford,Thorius,sthorius95@goo.gl,Male,99.88.131.189
331,Giavani,Cockren,gcockren96@hubpages.com,Male,22.208.171.242
332,Basile,Danielsen,bdanielsen97@dot.gov,Male,223.16.0.172
333,Gabriel,Jaggers,gjaggers98@independent.co.uk,Male,225.209.201.227
334,Magdalen,McGowing,mmcgowing99@zimbio.com,Female,246.22.85.27
335,Milka,Bowcock,mbowcock9a@csmonitor.com,Female,110.158.224.4
336,Johnathan,Huke,jhuke9b@aol.com,Male,199.141.142.33
337,Shoshanna,Derdes,sderdes9c@cmu.edu,Female,237.227.81.28
338,Field,Dmitrievski,fdmitrievski9d@google.com.au,Male,80.126.71.250
339,Jody,Simnett,jsimnett9e@admin.ch,Female,132.60.201.164
340,Caro,Ackred,cackred9f@domainmarket.com,Genderqueer,198.31.87.246
341,Milicent,Petow,mpetow9g@army.mil,Female,108.174.249.166
342,Madelena,Carbery,mcarbery9h@reuters.com,Female,137.123.231.34
343,Donnajean,Pontefract,dpontefract9i@infoseek.co.jp,Female,37.210.195.197
344,Lois,Coxall,lcoxall9j@noaa.gov,Female,95.127.180.68
345,Annaliese,Stanhope,astanhope9k@privacy.gov.au,Female,206.110.116.21
346,Kakalina,Pendlenton,kpendlenton9l@newsvine.com,Female,104.80.131.228
347,Constantia,Dorricott,cdorricott9m@netvibes.com,Female,139.196.141.152
348,Henderson,Legrand,hlegrand9n@icq.com,Male,166.145.129.52
349,Deeanne,Benford,dbenford9o@jimdo.com,Female,222.56.237.229
350,Marna,Duffer,mduffer9p@lycos.com,Female,132.244.65.247
351,Link,Testin,ltestin9q@google.nl,Male,49.14.73.219
352,Buckie,Boram,bboram9r@uol.com.br,Male,68.165.141.136
353,Leonora,Fidgin,lfidgin9s@ehow.com,Female,197.166.69.96
354,Cindee,Balcon,cbalcon9t@hugedomains.com,Agender,107.42.68.204
355,Fletch,Clive,fclive9u@vkontakte.ru,Male,136.4.16.18
356,Dougy,MacRitchie,dmacritchie9v@artisteer.com,Male,88.38.189.250
357,Binni,Hardstaff,bhardstaff9w@taobao.com,Female,54.225.11.144
358,Gwendolyn,Skipp,gskipp9x@reference.com,Female,249.197.235.57
359,Kevon,Birdsey,kbirdsey9y@cam.ac.uk,Male,50.224.65.130
360,Brooke,Pawelek,bpawelek9z@npr.org,Male,54.132.200.71
361,Rudolf,Boutcher,rboutchera0@fc2.com,Male,233.27.93.223
362,Minnie,Brisland,mbrislanda1@seattletimes.com,Polygender,221.132.25.162
363,Chelsey,Greenhalf,cgreenhalfa2@sciencedirect.com,Female,51.238.171.145
364,Marika,Proffer,mproffera3@ihg.com,Non-binary,50.132.85.8
365,Sybila,Dutnell,sdutnella4@tripod.com,Female,103.118.217.133
366,Ekaterina,Boate,eboatea5@topsy.com,Female,229.106.49.60
367,Odell,Rothschild,orothschilda6@a8.net,Male,231.15.64.132
368,Bliss,Stangoe,bstangoea7@freewebs.com,Female,141.52.223.50
369,Evelin,Odgers,eodgersa8@goo.gl,Male,251.43.28.38
370,Hussein,Sayton,hsaytona9@fc2.com,Male,93.175.147.95
371,Carlin,O'Reagan,coreaganaa@bbb.org,Female,212.175.229.8
372,Mikel,Tuckie,mtuckieab@deviantart.com,Male,138.111.236.29
373,Vincenz,Simmins,vsimminsac@shareasale.com,Male,113.210.68.134
374,Nolan,Charleston,ncharlestonad@paypal.com,Male,163.78.228.121
375,Terrill,Firle,tfirleae@bravesites.com,Non-binary,148.200.51.109
376,Nance,MacIntosh,nmacintoshaf@networkadvertising.org,Female,194.19.234.255
377,Melantha,Vowells,mvowellsag@linkedin.com,Female,57.60.226.63
378,Cecil,Francescone,cfrancesconeah@marketwatch.com,Female,38.17.12.205
379,Lezley,Blackbrough,lblackbroughai@harvard.edu,Male,25.154.247.4
380,Stacy,Swanwick,sswanwickaj@hugedomains.com,Female,250.242.88.39
381,Natala,McCague,nmccagueak@telegraph.co.uk,Female,174.162.73.250
382,Kalie,Woof,kwoofal@google.com.br,Female,11.13.53.0
383,Opalina,Headech,oheadecham@dagondesign.com,Female,226.185.136.227
384,Corrie,Jennrich,cjennrichan@freewebs.com,Bigender,69.65.80.244
385,Tyrone,Kendell,tkendellao@sciencedirect.com,Male,21.77.185.210
386,Geno,Steere,gsteereap@twitpic.com,Male,52.222.122.50
387,Vasilis,Cotgrove,vcotgroveaq@msn.com,Male,47.35.121.112
388,Willa,Ibbitson,wibbitsonar@who.int,Female,159.27.182.113
389,Meier,Tyndall,mtyndallas@t-online.de,Male,8.65.49.29
390,Cornall,Elcum,celcumat@ucoz.ru,Male,203.36.255.23
391,Willie,Belliveau,wbelliveauau@friendfeed.com,Male,248.124.157.209
392,Benedikt,Garrioch,bgarriochav@google.com.br,Male,232.109.84.25
393,Kinna,Garett,kgarettaw@usgs.gov,Female,125.217.90.85
394,Nettie,Landrieu,nlandrieuax@php.net,Female,91.114.134.175
395,Leandra,Arbuckel,larbuckelay@biblegateway.com,Female,73.194.122.189
396,Hermione,Cooper,hcooperaz@va.gov,Female,121.205.5.218
397,Mar,Dunbabin,mdunbabinb0@hugedomains.com,Male,223.242.133.238
398,Fancie,Cattenach,fcattenachb1@blogspot.com,Agender,234.180.30.80
399,Cassie,Ormes,cormesb2@instagram.com,Male,67.0.119.64
400,Chevalier,Stopford,cstopfordb3@answers.com,Male,55.229.87.86
401,Selie,Breward,sbrewardb4@mlb.com,Female,111.175.169.80
402,Lowrance,Lewins,llewinsb5@dion.ne.jp,Male,150.254.215.79
403,Broddy,Denny,bdennyb6@google.pl,Male,170.87.24.206
404,Adore,Eddington,aeddingtonb7@weather.com,Female,79.235.64.44
405,Dianna,Deehan,ddeehanb8@usatoday.com,Female,95.148.133.203
406,Murray,Tothe,mtotheb9@msu.edu,Male,83.58.4.154
407,Sancho,Weaving,sweavingba@webeden.co.uk,Male,48.79.138.18
408,Dale,Dealey,ddealeybb@fastcompany.com,Male,33.46.101.50
409,Shannen,Thyer,sthyerbc@spiegel.de,Female,192.109.9.125
410,Derwin,Cordsen,dcordsenbd@list-manage.com,Male,228.91.214.197
411,Katrine,Gapper,kgapperbe@engadget.com,Female,219.77.214.31
412,Demetris,MacNeilage,dmacneilagebf@digg.com,Female,197.234.240.69
413,Gideon,Hurndall,ghurndallbg@toplist.cz,Male,161.9.83.174
414,Zed,Langthorn,zlangthornbh@pagesperso-orange.fr,Male,148.8.109.2
415,Monty,Wallace,mwallacebi@slashdot.org,Male,20.15.152.223
416,Alayne,Greatrakes,agreatrakesbj@dailymotion.com,Female,108.217.37.173
417,Ambur,Tomowicz,atomowiczbk@php.net,Female,171.13.56.253
418,Bobette,Druce,bdrucebl@pinterest.com,Female,129.164.183.49
419,Marsiella,Birdall,mbirdallbm@wikia.com,Female,224.218.90.88
420,Dirk,Perkinson,dperkinsonbn@psu.edu,Male,103.212.150.74
421,Farley,Giacobillo,fgiacobillobo@virginia.edu,Male,227.23.102.236
422,Ayn,Spradbery,aspradberybp@imdb.com,Female,27.60.166.17
423,Bonita,Vynoll,bvynollbq@goodreads.com,Female,65.57.116.213
424,Leif,Adamsky,ladamskybr@telegraph.co.uk,Male,240.209.83.12
425,Gearalt,Pele,gpelebs@archive.org,Male,193.113.108.148
426,Germain,Cordeau,gcordeaubt@sbwire.com,Female,61.146.62.224
427,Tadeo,Brear,tbrearbu@smh.com.au,Male,121.113.46.254
428,Ryun,Llorens,rllorensbv@com.com,Male,155.143.247.121
429,Babs,Ferenc,bferencbw@sogou.com,Female,223.178.226.71
430,Lars,Van den Hof,lvandenhofbx@last.fm,Male,71.153.85.134
431,Alejandro,Fend,afendby@apple.com,Male,111.125.147.190
432,Omero,Denisard,odenisardbz@home.pl,Male,200.231.53.208
433,Tressa,Shipperbottom,tshipperbottomc0@census.gov,Bigender,69.208.168.90
434,Alf,MacCawley,amaccawleyc1@wikimedia.org,Male,84.232.82.45
435,Timmy,Shinner,tshinnerc2@chronoengine.com,Male,129.40.84.57
436,Kalil,McDill,kmcdillc3@cdc.gov,Male,188.136.212.104
437,Daveen,Earngy,dearngyc4@ask.com,Female,99.105.80.33
438,Bianca,Leipelt,bleipeltc5@epa.gov,Female,194.87.102.239
439,Coleman,Stelfax,cstelfaxc6@pinterest.com,Male,96.146.86.154
440,Luisa,Palfery,lpalferyc7@skyrock.com,Female,50.184.82.168
441,Rodrigo,Hadenton,rhadentonc8@topsy.com,Male,55.14.164.39
442,Franny,Willas,fwillasc9@army.mil,Female,130.45.128.118
443,Isidore,Brambell,ibrambellca@jimdo.com,Male,170.32.131.63
444,Selig,Itzcovich,sitzcovichcb@zimbio.com,Male,191.223.18.163
445,Dinnie,Goldsby,dgoldsbycc@mlb.com,Female,91.28.17.172
446,Rancell,Chadwell,rchadwellcd@wufoo.com,Male,13.173.98.204
447,Dalli,Cornilli,dcornillice@nbcnews.com,Male,9.116.169.120
448,Abra,Urion,aurioncf@statcounter.com,Female,152.24.166.67
449,Caresse,Croker,ccrokercg@mysql.com,Female,137.0.220.1
450,Imogen,Towler,itowlerch@issuu.com,Female,148.79.181.126
451,Pate,Noir,pnoirci@comcast.net,Male,43.167.190.34
452,Hastings,Greser,hgresercj@xinhuanet.com,Male,161.69.21.28
453,Bear,De Pero,bdeperock@hud.gov,Male,30.57.101.65
454,Cybil,Fidoe,cfidoecl@discuz.net,Female,162.98.58.159
455,Roshelle,Tilford,rtilfordcm@boston.com,Female,250.246.196.243
456,Fulton,Brecon,fbreconcn@aol.com,Male,74.33.163.175
457,Carlee,Glover,cgloverco@cnbc.com,Female,2.119.157.212
458,Annissa,Hattersley,ahattersleycp@soup.io,Genderqueer,11.104.101.90
459,Scotty,Drabble,sdrabblecq@jalbum.net,Male,46.65.13.156
460,Nyssa,Beardshall,nbeardshallcr@wired.com,Female,192.176.35.114
461,Amery,Sibyllina,asibyllinacs@addtoany.com,Male,186.175.162.75
462,Winston,Slocumb,wslocumbct@wiley.com,Male,63.171.62.80
463,Wit,Conningham,wconninghamcu@ow.ly,Non-binary,204.108.234.185
464,Farly,McKennan,fmckennancv@ucoz.ru,Male,229.106.52.97
465,Farrand,Hainey`,fhaineycw@istockphoto.com,Female,176.25.88.68
466,Bernadina,Steptoe,bsteptoecx@sitemeter.com,Female,134.4.206.136
467,Daniel,Lucas,dlucascy@indiegogo.com,Male,165.151.17.236
468,Tadeo,Cookes,tcookescz@ebay.co.uk,Male,49.14.175.199
469,Stavros,Syms,ssymsd0@yale.edu,Male,19.161.213.48
470,Harmonia,Broschek,hbroschekd1@netlog.com,Female,237.178.102.152
471,Ronna,Senechell,rsenechelld2@walmart.com,Agender,25.98.12.20
472,Marquita,Sandyford,msandyfordd3@va.gov,Female,100.216.30.16
473,Cissy,Stroder,cstroderd4@google.com.au,Female,101.206.46.208
474,Ardisj,O'Hartagan,aohartagand5@studiopress.com,Female,227.100.173.139
475,Nat,Wilcott,nwilcottd6@over-blog.com,Female,178.41.76.231
476,Stan,Tyzack,styzackd7@tuttocitta.it,Male,188.187.161.32
477,Mikol,MacGall,mmacgalld8@webs.com,Male,62.195.167.93
478,Valera,Snow,vsnowd9@icq.com,Female,9.229.204.48
479,Tabbie,Hasell,thasellda@hibu.com,Male,144.97.135.255
480,Ximenes,Marcroft,xmarcroftdb@newsvine.com,Male,234.72.60.120
481,Georgianna,Betke,gbetkedc@arstechnica.com,Female,118.82.160.95
482,Catherin,Lamboll,clambolldd@amazon.de,Female,6.227.214.40
483,Rebekkah,Jahn,rjahnde@washingtonpost.com,Female,126.66.43.59
484,Elwyn,Walbrun,ewalbrundf@nsw.gov.au,Male,150.117.154.115
485,Jobi,Chrstine,jchrstinedg@youtu.be,Female,31.184.185.241
486,Hali,Charrette,hcharrettedh@cisco.com,Female,88.172.148.81
487,Mort,Worsam,mworsamdi@unblog.fr,Male,199.145.121.181
488,Myra,Phil,mphildj@dion.ne.jp,Female,71.112.215.208
489,Wye,Chesters,wchestersdk@fc2.com,Male,115.95.147.120
490,Paige,Fidge,pfidgedl@zdnet.com,Male,159.176.224.251
491,Devy,Rennles,drennlesdm@about.me,Male,84.248.66.2
492,Rosalind,Souster,rsousterdn@ezinearticles.com,Female,165.246.110.70
493,Wandis,Wyllie,wwylliedo@netlog.com,Female,204.100.63.235
494,Jared,Tanby,jtanbydp@hugedomains.com,Male,127.73.216.117
495,Rina,Castelain,rcastelaindq@meetup.com,Female,56.160.237.170
496,Nada,Palia,npaliadr@accuweather.com,Female,92.83.112.234
497,Yoshi,Orrow,yorrowds@csmonitor.com,Female,35.249.52.159
498,Gail,Peregrine,gperegrinedt@kickstarter.com,Female,38.165.64.38
499,Raf,Bonnin,rbonnindu@people.com.cn,Female,92.116.179.225
500,Malia,Girardin,mgirardindv@si.edu,Female,238.74.153.44
501,Bili,Walshaw,bwalshawdw@ucla.edu,Female,53.48.90.124
502,Adler,Mees,ameesdx@java.com,Genderqueer,209.138.101.112
503,Alf,Stonebanks,astonebanksdy@cyberchimps.com,Non-binary,155.163.129.109
504,Yardley,Haskett,yhaskettdz@time.com,Male,227.191.44.72
505,Tessi,Gratrex,tgratrexe0@yellowbook.com,Agender,135.83.238.202
506,Reginauld,Tafani,rtafanie1@people.com.cn,Male,81.225.85.90
507,Pedro,Dopson,pdopsone2@msu.edu,Male,151.208.225.186
508,Honoria,O'Farrell,hofarrelle3@paypal.com,Female,52.108.175.250
509,Bernard,Clappison,bclappisone4@domainmarket.com,Male,98.66.54.38
510,Thornie,Traves,ttravese5@mac.com,Male,238.40.186.216
511,Darby,Bulfit,dbulfite6@domainmarket.com,Agender,86.166.227.98
512,Tiffy,Frere,tfreree7@unc.edu,Female,30.23.238.207
513,Chevalier,Crickmoor,ccrickmoore8@printfriendly.com,Male,96.234.225.38
514,Ware,Dunrige,wdunrigee9@walmart.com,Male,45.134.69.133
515,Colet,Mearns,cmearnsea@webnode.com,Male,51.44.146.229
516,Katuscha,Capsey,kcapseyeb@washington.edu,Female,16.78.83.150
517,Fran,Buckby,fbuckbyec@zdnet.com,Female,66.84.236.213
518,Jsandye,Cahen,jcahened@creativecommons.org,Female,219.224.167.63
519,Anette,Fomichkin,afomichkinee@51.la,Female,19.62.14.57
520,Winnie,Jowling,wjowlingef@sohu.com,Genderfluid,116.212.87.205
521,Angelina,Buckle,abuckleeg@gravatar.com,Female,151.85.229.94
522,Stephen,Sickert,ssickerteh@sina.com.cn,Male,236.158.58.96
523,Doretta,Brayn,dbraynei@bbb.org,Female,58.15.66.38
524,Rikki,Gencke,rgenckeej@networkadvertising.org,Female,161.140.98.171
525,My,MacNeilley,mmacneilleyek@blog.com,Male,46.106.111.39
526,Elisha,Coopey,ecoopeyel@clickbank.net,Male,190.11.70.224
527,Zora,Masterton,zmastertonem@e-recht24.de,Female,36.212.150.153
528,Binni,Rothery,brotheryen@joomla.org,Female,28.124.140.178
529,Fayre,Dybald,fdybaldeo@slideshare.net,Agender,14.226.27.38
530,Loralyn,Meaders,lmeadersep@is.gd,Female,85.75.188.132
531,Johnette,Casarino,jcasarinoeq@photobucket.com,Female,161.185.11.230
532,Cassy,Warbey,cwarbeyer@people.com.cn,Female,5.159.187.241
533,Shaine,Waltho,swalthoes@lycos.com,Female,194.77.51.235
534,Alena,Piatek,apiateket@liveinternet.ru,Female,112.25.17.8
535,Aleece,Withinshaw,awithinshaweu@amazon.co.uk,Female,85.15.28.220
536,Lyssa,Mar,lmarev@usnews.com,Female,242.219.255.219
537,Fran,Grievson,fgrievsonew@163.com,Female,205.122.82.3
538,Isaac,Gingell,igingellex@webnode.com,Non-binary,253.43.100.70
539,Noble,Boame,nboameey@sun.com,Male,53.34.155.251
540,Tiphani,Hourican,thouricanez@diigo.com,Genderqueer,97.78.158.0
541,Guenevere,Dickens,gdickensf0@wp.com,Female,244.158.92.202
542,Austina,Seedhouse,aseedhousef1@ed.gov,Female,55.102.226.196
543,Yolande,Kerrey,ykerreyf2@wix.com,Female,161.229.10.78
544,Bruis,Volet,bvoletf3@bing.com,Male,157.138.152.109
545,Katerina,Rishman,krishmanf4@usda.gov,Female,33.71.125.138
546,Saleem,Peris,sperisf5@mapquest.com,Bigender,192.169.176.83
547,Marlowe,Goldsmith,mgoldsmithf6@whitehouse.gov,Male,154.127.155.160
548,Richart,Redwin,rredwinf7@columbia.edu,Male,229.120.248.151
549,Corbin,Kadar,ckadarf8@mac.com,Male,239.134.66.104
550,Pate,Willows,pwillowsf9@ft.com,Male,35.170.92.253
551,Rod,Willacot,rwillacotfa@amazon.de,Male,18.30.134.135
552,Alisander,Kestle,akestlefb@networkadvertising.org,Male,105.51.247.88
553,Rube,Panas,rpanasfc@ihg.com,Male,183.27.106.28
554,Justinn,Hendricks,jhendricksfd@squarespace.com,Female,82.106.254.7
555,Elenore,Moreing,emoreingfe@webnode.com,Genderqueer,48.211.100.239
556,Jeramie,Kedie,jkedieff@springer.com,Male,97.143.43.7
557,Fawne,Cullon,fcullonfg@howstuffworks.com,Female,97.68.212.142
558,Quintin,Iles,qilesfh@samsung.com,Male,48.21.55.77
559,Donavon,Billin,dbillinfi@topsy.com,Male,82.30.189.12
560,Elia,Ormesher,eormesherfj@tinypic.com,Male,240.108.173.171
561,Guinevere,Eustes,geustesfk@howstuffworks.com,Female,34.248.219.91
562,Grant,Frugier,gfrugierfl@state.gov,Male,214.202.59.20
563,Herrick,Turnpenny,hturnpennyfm@symantec.com,Male,82.232.139.213
564,Briant,Yukhov,byukhovfn@stanford.edu,Male,67.68.126.33
565,Paddie,Agate,pagatefo@amazon.co.uk,Male,164.232.88.64
566,Maddi,Sandwich,msandwichfp@sourceforge.net,Female,252.139.227.167
567,Dynah,Benko,dbenkofq@weather.com,Female,169.198.255.184
568,Alfred,Bemment,abemmentfr@europa.eu,Male,131.2.16.64
569,Ronnica,Clamp,rclampfs@washington.edu,Female,97.134.14.116
570,Hewet,Ivimy,hivimyft@nydailynews.com,Male,130.120.233.32
571,Barbaraanne,Tooke,btookefu@arizona.edu,Female,2.16.31.93
572,Kaycee,Stentiford,kstentifordfv@hubpages.com,Female,36.247.33.5
573,Mari,Harry,mharryfw@mayoclinic.com,Female,157.157.24.164
574,Adda,Robroe,arobroefx@rakuten.co.jp,Female,133.244.158.67
575,Silvie,Tointon,stointonfy@nsw.gov.au,Female,5.204.161.177
576,Aguste,O'Conor,aoconorfz@fda.gov,Male,174.99.84.216
577,Alexa,Flori,aflorig0@dropbox.com,Female,227.144.157.66
578,Marylinda,Fairbrace,mfairbraceg1@gnu.org,Female,96.156.165.1
579,Nadiya,Knolles-Green,nknollesgreeng2@linkedin.com,Female,22.214.36.228
580,Oona,Wetherick,owetherickg3@chicagotribune.com,Female,224.20.158.54
581,Ricky,Belden,rbeldeng4@fema.gov,Female,32.120.250.223
582,Elsa,Inglese,eingleseg5@tripadvisor.com,Female,117.75.207.81
583,Kacie,Baldelli,kbaldellig6@smh.com.au,Genderqueer,151.72.115.220
584,Haywood,Barbrick,hbarbrickg7@tripod.com,Male,194.53.50.225
585,Anallese,Normabell,anormabellg8@wikispaces.com,Female,214.6.87.220
586,Modesty,Moncrefe,mmoncrefeg9@joomla.org,Female,76.197.50.46
587,Kermie,Stellin,kstellinga@netscape.com,Male,38.4.254.114
588,Linell,Spurdle,lspurdlegb@wiley.com,Female,254.8.35.78
589,Jean,Lowdeane,jlowdeanegc@nbcnews.com,Female,227.132.168.2
590,Theodore,Skeats,tskeatsgd@tuttocitta.it,Male,88.212.7.70
591,Pall,Overbury,poverburyge@blog.com,Male,59.21.219.76
592,Netta,Benedtti,nbenedttigf@google.fr,Female,64.36.70.30
593,Lelia,Field,lfieldgg@webmd.com,Female,131.158.240.205
594,Octavia,Pietruszka,opietruszkagh@nytimes.com,Female,29.179.245.84
595,Udell,Frederick,ufrederickgi@columbia.edu,Male,247.171.5.150
596,Aymer,Willwood,awillwoodgj@sitemeter.com,Male,68.163.18.52
597,Joey,Jowling,jjowlinggk@1688.com,Female,72.69.185.176
598,Audy,Southwood,asouthwoodgl@elpais.com,Female,43.166.199.255
599,Hildegarde,McCane,hmccanegm@dedecms.com,Female,3.254.7.227
600,Moina,Hutchison,mhutchisongn@archive.org,Female,202.76.91.115
601,Lilyan,England,lenglandgo@exblog.jp,Female,3.240.42.154
602,Durante,Faunch,dfaunchgp@japanpost.jp,Male,229.165.44.114
603,Chet,Izakson,cizaksongq@earthlink.net,Male,203.234.113.135
604,Webster,Fricke,wfrickegr@free.fr,Male,128.83.68.66
605,Wendeline,Parkyns,wparkynsgs@slate.com,Female,23.31.146.130
606,Damaris,Guillotin,dguillotingt@google.fr,Female,108.151.137.6
607,Doreen,Tolhurst,dtolhurstgu@amazon.de,Female,58.123.230.251
608,Pennie,Rainford,prainfordgv@t-online.de,Female,112.220.50.117
609,Sayers,Wilstead,swilsteadgw@time.com,Male,171.91.245.7
610,Cameron,Mesant,cmesantgx@paginegialle.it,Male,231.153.21.192
611,Gerrard,McIlherran,gmcilherrangy@angelfire.com,Agender,226.66.123.242
612,Luce,Havile,lhavilegz@unicef.org,Male,141.233.244.123
613,Lew,Gandley,lgandleyh0@epa.gov,Male,123.188.216.141
614,Holly,Dunnet,hdunneth1@netvibes.com,Bigender,215.6.179.225
615,Barris,Wisher,bwisherh2@altervista.org,Male,227.90.126.125
616,Brunhilde,Husband,bhusbandh3@mysql.com,Female,144.197.212.93
617,Spence,Darlaston,sdarlastonh4@livejournal.com,Male,53.52.15.167
618,Raviv,O'Curneen,rocurneenh5@apache.org,Male,106.37.40.20
619,Anton,Syrad,asyradh6@jugem.jp,Male,224.195.202.155
620,Salim,Demkowicz,sdemkowiczh7@pinterest.com,Male,13.251.135.121
621,Baillie,Wimpenny,bwimpennyh8@hugedomains.com,Male,163.116.208.166
622,Jeanie,Hughf,jhughfh9@samsung.com,Female,68.24.166.13
623,Timothea,Broadway,tbroadwayha@accuweather.com,Female,25.229.56.240
624,Dorena,Nield,dnieldhb@csmonitor.com,Female,27.135.200.232
625,Heather,Schubbert,hschubberthc@fotki.com,Female,219.70.25.123
626,Myrtice,Buckston,mbuckstonhd@cyberchimps.com,Female,86.214.118.27
627,Kenyon,Almak,kalmakhe@surveymonkey.com,Male,154.66.170.200
628,Britney,Corbert,bcorberthf@imageshack.us,Female,70.202.76.196
629,Roland,Dufore,rduforehg@ted.com,Male,146.191.215.226
630,Merrill,Spiaggia,mspiaggiahh@live.com,Male,109.243.40.193
631,Sheelagh,Piatkowski,spiatkowskihi@admin.ch,Female,239.110.132.253
632,Thaine,Scotchforth,tscotchforthhj@ucla.edu,Male,99.232.99.65
633,Skippie,Orrah,sorrahhk@livejournal.com,Male,130.218.53.53
634,Jammal,Paulin,jpaulinhl@technorati.com,Bigender,133.77.35.46
635,Stevy,Sheldon,ssheldonhm@upenn.edu,Male,50.181.187.210
636,Andres,Danilovic,adanilovichn@deliciousdays.com,Male,163.114.94.74
637,Sean,Garie,sgarieho@smugmug.com,Male,40.224.232.118
638,Juliana,Dolligon,jdolligonhp@elpais.com,Female,205.64.77.234
639,Lacy,Pleaden,lpleadenhq@pbs.org,Female,55.250.160.242
640,Aloise,Darley,adarleyhr@cornell.edu,Female,200.37.241.49
641,Taylor,Jellett,tjelletths@hatena.ne.jp,Male,178.39.182.137
642,Garvy,Tidman,gtidmanht@arstechnica.com,Male,82.147.124.44
643,Harrie,Romeril,hromerilhu@admin.ch,Bigender,27.41.205.9
644,Jeannette,Louedey,jlouedeyhv@shutterfly.com,Female,152.60.252.174
645,Angele,Chaize,achaizehw@studiopress.com,Female,124.233.146.125
646,Sallee,Courtin,scourtinhx@seesaa.net,Female,213.81.101.19
647,Nappy,Warbys,nwarbyshy@toplist.cz,Male,27.237.109.48
648,Jesse,Lowthian,jlowthianhz@surveymonkey.com,Female,51.205.180.107
649,Arte,Ratt,aratti0@gov.uk,Male,80.39.160.19
650,Winn,Walbrun,wwalbruni1@phpbb.com,Male,230.20.107.43
651,Reid,Munns,rmunnsi2@house.gov,Male,23.76.137.230
652,Nathalie,Hastings,nhastingsi3@blogs.com,Female,214.151.3.56
653,Myrna,Vogl,mvogli4@umn.edu,Female,171.138.239.47
654,Norri,Ceschini,nceschinii5@reverbnation.com,Female,2.193.204.192
655,Vonnie,Lidstone,vlidstonei6@trellian.com,Genderqueer,173.234.171.63
656,Viviana,Staning,vstaningi7@google.ru,Female,188.219.84.87
657,Dagmar,Meegan,dmeegani8@redcross.org,Female,7.142.150.80
658,Grace,Brea,gbreai9@statcounter.com,Female,221.48.140.124
659,Consuelo,Greggor,cgreggoria@ifeng.com,Female,241.40.203.212
660,Jillene,Ryles,jrylesib@scientificamerican.com,Female,119.18.168.220
661,Reina,Whicher,rwhicheric@theglobeandmail.com,Female,88.74.221.45
662,Harmonie,MacGarrity,hmacgarrityid@quantcast.com,Female,84.210.100.161
663,Randolf,Caudle,rcaudleie@va.gov,Male,147.247.13.108
664,Gayle,Largan,glarganif@tamu.edu,Male,10.97.43.82
665,Ted,Sarll,tsarllig@admin.ch,Male,158.52.141.126
666,Irita,Strelitz,istrelitzih@domainmarket.com,Bigender,126.244.12.172
667,Ernestine,Blacket,eblacketii@theglobeandmail.com,Female,252.3.38.20
668,Debor,Swain,dswainij@icio.us,Female,52.10.116.66
669,Koral,Lucien,klucienik@berkeley.edu,Female,99.246.87.71
670,Bengt,Senten,bsentenil@unesco.org,Male,183.58.20.136
671,Buck,Harnetty,bharnettyim@mozilla.org,Male,145.227.159.109
672,Nellie,Sherwell,nsherwellin@oracle.com,Female,227.110.174.235
673,Neala,Stannion,nstannionio@berkeley.edu,Female,35.20.174.83
674,Genvieve,Meffen,gmeffenip@miibeian.gov.cn,Female,7.215.182.6
675,Kristi,McCrea,kmccreaiq@sina.com.cn,Female,3.115.39.31
676,Marni,Longlands,mlonglandsir@berkeley.edu,Female,242.86.29.37
677,Koral,Turford,kturfordis@gravatar.com,Female,8.218.9.104
678,Carree,Shoorbrooke,cshoorbrookeit@tiny.cc,Female,81.199.55.10
679,Justen,Cristofanini,jcristofaniniiu@ebay.com,Agender,175.133.29.240
680,Nataniel,Axe,naxeiv@xinhuanet.com,Genderfluid,119.103.35.60
681,Christina,Marrable,cmarrableiw@unesco.org,Agender,161.136.5.100
682,Leyla,Lehemann,llehemannix@alexa.com,Female,237.106.129.37
683,Ced,Carcas,ccarcasiy@archive.org,Male,41.237.192.125
684,Cly,Curneen,ccurneeniz@rediff.com,Male,230.194.142.223
685,Neall,Cardall,ncardallj0@example.com,Male,122.58.209.39
686,Grover,Trewhella,gtrewhellaj1@cocolog-nifty.com,Male,61.6.67.145
687,Suki,Kirley,skirleyj2@nba.com,Female,91.128.200.91
688,Elroy,McKiddin,emckiddinj3@rakuten.co.jp,Male,199.227.251.83
689,Alexi,Laneham,alanehamj4@icio.us,Female,34.254.196.202
690,Rochella,Feather,rfeatherj5@huffingtonpost.com,Female,123.241.92.173
691,Lari,Duffer,ldufferj6@zimbio.com,Female,20.120.142.3
692,Guthrie,Reedman,greedmanj7@godaddy.com,Male,155.50.243.122
693,Salvador,Tussaine,stussainej8@samsung.com,Male,250.117.184.34
694,Kayley,Mongeot,kmongeotj9@yahoo.co.jp,Female,151.246.68.203
695,Josee,Keysall,jkeysallja@hexun.com,Female,97.111.23.58
696,Eugen,Blaszczynski,eblaszczynskijb@merriam-webster.com,Male,127.57.58.56
697,Ashbey,Bolland,abollandjc@nytimes.com,Male,208.233.203.109
698,Caldwell,Langmead,clangmeadjd@ustream.tv,Male,51.110.124.111
699,Kaspar,Dobrovolski,kdobrovolskije@bravesites.com,Male,41.200.165.68
700,Fredrick,Bantick,fbantickjf@e-recht24.de,Male,210.31.35.253
701,Ethel,Adam,eadamjg@wix.com,Female,63.120.76.116
702,Annamarie,Wavell,awavelljh@free.fr,Female,117.100.105.139
703,Flin,Prendeguest,fprendeguestji@usda.gov,Male,168.37.52.184
704,Nertie,Spondley,nspondleyjj@yellowpages.com,Female,106.209.78.150
705,Albrecht,McGaugan,amcgauganjk@discuz.net,Male,184.98.184.204
706,Ileane,Tremellier,itremellierjl@archive.org,Female,84.105.129.197
707,Gerome,Broader,gbroaderjm@mozilla.org,Male,52.63.225.138
708,Lizette,Jendrassik,ljendrassikjn@google.com.hk,Female,164.51.60.218
709,Babita,Botton,bbottonjo@de.vu,Female,52.119.56.88
710,Yalonda,Latour,ylatourjp@livejournal.com,Female,228.251.69.91
711,Aveline,Scrimshaw,ascrimshawjq@ebay.co.uk,Female,111.92.78.213
712,Ailee,Onslow,aonslowjr@imgur.com,Female,195.118.242.190
713,Ashton,Burston,aburstonjs@taobao.com,Non-binary,208.126.106.254
714,Dorris,Ecob,decobjt@theguardian.com,Polygender,127.35.223.51
715,Lanette,Durrington,ldurringtonju@scientificamerican.com,Female,160.31.150.25
716,Kip,Oen,koenjv@msu.edu,Male,237.187.100.234
717,Rea,Woolner,rwoolnerjw@unicef.org,Female,251.219.164.147
718,Kirsteni,Tylor,ktylorjx@digg.com,Female,156.195.167.41
719,Mack,Avrahamov,mavrahamovjy@wikimedia.org,Male,113.144.33.46
720,Lotte,Van Giffen,lvangiffenjz@geocities.jp,Female,114.185.100.142
721,Aryn,Spinage,aspinagek0@4shared.com,Female,212.172.183.16
722,Luciana,Wooder,lwooderk1@usnews.com,Agender,2.140.242.82
723,Templeton,Innocenti,tinnocentik2@cbc.ca,Male,141.229.174.69
724,Midge,Fifoot,mfifootk3@samsung.com,Genderfluid,29.177.133.86
725,Orelie,Towlson,otowlsonk4@dot.gov,Female,67.252.76.217
726,Rancell,Geaveny,rgeavenyk5@gov.uk,Male,219.145.236.149
727,Haskell,Dobell,hdobellk6@google.com.br,Agender,119.91.132.129
728,Zoe,Tunniclisse,ztunniclissek7@goodreads.com,Genderfluid,178.25.120.42
729,Cathy,Crawshay,ccrawshayk8@mapy.cz,Female,229.71.195.20
730,Edik,Balharry,ebalharryk9@webmd.com,Male,208.2.18.213
731,Gary,Cochran,gcochranka@bigcartel.com,Male,196.8.184.238
732,Vinnie,Gordon,vgordonkb@symantec.com,Non-binary,213.163.1.197
733,Rikki,Shankster,rshanksterkc@storify.com,Male,3.227.133.36
734,Jennine,Iwaszkiewicz,jiwaszkiewiczkd@craigslist.org,Polygender,229.21.121.90
735,Regen,Greenham,rgreenhamke@purevolume.com,Male,171.117.244.231
736,Annette,Sealeaf,asealeafkf@google.com,Female,199.147.150.17
737,Koralle,Joiner,kjoinerkg@bbb.org,Female,59.252.138.243
738,Tabbie,Boylan,tboylankh@printfriendly.com,Male,156.24.5.36
739,Tonya,Challace,tchallaceki@huffingtonpost.com,Female,236.109.212.245
740,Maurita,Huntall,mhuntallkj@dmoz.org,Female,28.138.43.2
741,Kaye,Connal,kconnalkk@jalbum.net,Female,226.239.252.83
742,Vito,Caplen,vcaplenkl@indiegogo.com,Male,151.89.145.14
743,Zach,Bayldon,zbayldonkm@booking.com,Male,183.135.77.241
744,Dick,Scoates,dscoateskn@noaa.gov,Male,6.240.57.2
745,Gerhard,Bifield,gbifieldko@guardian.co.uk,Male,173.226.10.69
746,Sibylle,McElmurray,smcelmurraykp@independent.co.uk,Female,52.98.138.118
747,Ajay,Dorracott,adorracottkq@wufoo.com,Genderqueer,110.151.230.80
748,Melissa,Caldecourt,mcaldecourtkr@google.com.hk,Female,192.52.172.245
749,Wilton,Haliday,whalidayks@amazon.co.jp,Male,231.124.123.193
750,Aurlie,Harragin,aharraginkt@ft.com,Female,107.245.224.71
751,Joela,McCraw,jmccrawku@elpais.com,Female,34.173.149.104
752,Bail,Skettles,bskettleskv@bloglovin.com,Male,110.31.55.14
753,Vidovik,Gibbon,vgibbonkw@soup.io,Male,70.95.120.84
754,Hermy,Kenryd,hkenrydkx@biblegateway.com,Male,252.161.195.72
755,Bourke,Undrell,bundrellky@photobucket.com,Male,105.188.69.73
756,Oswell,Meo,omeokz@usgs.gov,Male,0.237.35.171
757,Sherri,MacNeish,smacneishl0@skype.com,Female,171.217.195.78
758,Elinore,Hallgalley,ehallgalleyl1@hc360.com,Agender,139.192.35.30
759,Jolyn,Laise,jlaisel2@blogs.com,Bigender,59.224.0.139
760,Halsy,Ivanikov,hivanikovl3@jugem.jp,Male,66.120.251.155
761,Henrik,Vonasek,hvonasekl4@blog.com,Male,180.105.39.55
762,Siegfried,Brockley,sbrockleyl5@bandcamp.com,Male,9.172.173.6
763,Chico,Search,csearchl6@a8.net,Male,162.176.192.136
764,Winifred,Mahaddie,wmahaddiel7@tripadvisor.com,Female,254.43.180.239
765,Dietrich,Lorraine,dlorrainel8@thetimes.co.uk,Male,150.126.116.230
766,Fiona,Devonald,fdevonaldl9@businessweek.com,Female,39.109.58.211
767,Humfrid,Comrie,hcomriela@furl.net,Male,140.144.32.225
768,Horatio,Budleigh,hbudleighlb@clickbank.net,Male,69.10.253.86
769,Marrilee,Woodfin,mwoodfinlc@youtu.be,Female,245.214.244.221
770,Nap,Revington,nrevingtonld@discovery.com,Male,242.104.92.151
771,Ansel,Tincey,atinceyle@deliciousdays.com,Male,35.250.147.139
772,Marielle,Sawford,msawfordlf@lycos.com,Female,231.160.140.2
773,Charity,McLellan,cmclellanlg@sourceforge.net,Female,76.144.95.195
774,Donaugh,Quipp,dquipplh@altervista.org,Male,133.91.113.225
775,Doralynn,Monger,dmongerli@blog.com,Female,180.197.181.5
776,Bo,Cowell,bcowelllj@netlog.com,Male,45.182.169.214
777,Nye,Garrish,ngarrishlk@globo.com,Male,3.184.92.0
778,Rozanna,Quickfall,rquickfallll@msu.edu,Female,54.75.6.85
779,Melisse,Timbrell,mtimbrelllm@illinois.edu,Female,158.11.99.130
780,Hendrik,Rewan,hrewanln@bandcamp.com,Male,43.76.132.46
781,Georgena,Adkins,gadkinslo@cisco.com,Female,33.24.83.136
782,Bobbye,Reiner,breinerlp@gravatar.com,Female,34.242.169.23
783,Ethelda,Felder,efelderlq@1und1.de,Genderqueer,233.130.211.124
784,Devland,Snedker,dsnedkerlr@ed.gov,Male,254.142.38.194
785,Kaia,Labern,klabernls@liveinternet.ru,Female,74.240.123.15
786,Etti,Ferie,eferielt@cnn.com,Female,154.248.113.105
787,Maxy,Agronski,magronskilu@theglobeandmail.com,Female,176.133.192.7
788,Coleen,Deaton,cdeatonlv@alibaba.com,Female,58.4.41.118
789,Lovell,Antuk,lantuklw@elegantthemes.com,Male,202.126.162.98
790,Ogden,Iapico,oiapicolx@indiatimes.com,Male,11.46.170.159
791,Felicio,Bonhome,fbonhomely@kickstarter.com,Male,22.59.123.72
792,Karlis,Ruilton,kruiltonlz@blogs.com,Male,184.227.93.226
793,Winnifred,Scammonden,wscammondenm0@behance.net,Female,137.179.131.200
794,Hatti,Botten,hbottenm1@gmpg.org,Female,95.172.191.196
795,Bale,des Remedios,bdesremediosm2@fc2.com,Male,0.191.147.207
796,Lira,Gladtbach,lgladtbachm3@unblog.fr,Female,79.61.141.18
797,Hedda,Couvert,hcouvertm4@opera.com,Female,47.248.88.159
798,Erhard,Brashier,ebrashierm5@indiatimes.com,Male,151.109.129.121
799,Vikky,Tomeo,vtomeom6@wikia.com,Female,138.31.248.217
800,Padgett,Maharg,pmahargm7@eventbrite.com,Male,232.162.119.214
801,Franni,Hamor,fhamorm8@harvard.edu,Female,37.22.167.138
802,Brand,Hinks,bhinksm9@abc.net.au,Male,67.226.177.200
803,Lauritz,Abrey,labreyma@about.me,Male,124.188.126.141
804,Bennie,Bartocci,bbartoccimb@accuweather.com,Genderfluid,225.116.90.231
805,Forrest,Kirvell,fkirvellmc@creativecommons.org,Polygender,95.154.195.134
806,Germaine,Messer,gmessermd@apple.com,Genderqueer,75.169.74.175
807,Cathleen,Katte,ckatteme@vinaora.com,Female,144.38.240.17
808,Linzy,Tatlock,ltatlockmf@ibm.com,Female,193.66.152.153
809,Colette,Willows,cwillowsmg@japanpost.jp,Female,78.216.191.247
810,Arne,Lysons,alysonsmh@usda.gov,Male,103.206.160.142
811,Rogers,Di Filippo,rdifilippomi@bloomberg.com,Male,63.106.71.132
812,Rickie,Pennycock,rpennycockmj@csmonitor.com,Male,64.94.8.154
813,Del,Cosyns,dcosynsmk@xinhuanet.com,Male,193.184.131.13
814,Bucky,Mealand,bmealandml@europa.eu,Male,250.102.39.176
815,Kiel,Coopman,kcoopmanmm@newsvine.com,Male,249.94.25.226
816,Dru,Freeberne,dfreebernemn@google.pl,Genderqueer,192.101.65.176
817,Elysee,Sloam,esloammo@comsenz.com,Female,68.14.161.116
818,Gregorio,Cannon,gcannonmp@microsoft.com,Male,23.84.132.73
819,Chancey,Funcheon,cfuncheonmq@last.fm,Male,80.41.144.86
820,Gregoor,Lipscombe,glipscombemr@ehow.com,Male,4.219.164.11
821,Vaughan,McElane,vmcelanems@disqus.com,Male,13.44.68.5
822,Alejandro,Trouncer,atrouncermt@earthlink.net,Male,225.42.245.190
823,Lenee,Jerzak,ljerzakmu@4shared.com,Female,42.56.95.98
824,Charis,Crowd,ccrowdmv@multiply.com,Female,89.185.40.213
825,Hollis,Nelhams,hnelhamsmw@google.ca,Genderqueer,85.153.1.120
826,Sammy,Craze,scrazemx@nba.com,Male,27.231.83.76
827,Cazzie,Nussgen,cnussgenmy@gov.uk,Male,207.85.28.163
828,Peyton,Gilliard,pgilliardmz@tripod.com,Male,19.134.231.180
829,Erin,Szwandt,eszwandtn0@oakley.com,Male,22.223.4.11
830,Nollie,Sweetmore,nsweetmoren1@blogtalkradio.com,Female,40.99.19.0
831,Orlando,Law,olawn2@bbb.org,Male,56.48.148.62
832,Rickie,Sextone,rsextonen3@rakuten.co.jp,Male,155.171.169.170
833,Arne,Mantram,amantramn4@seesaa.net,Male,188.238.252.119
834,Robinet,Haggeth,rhaggethn5@cyberchimps.com,Female,36.247.44.109
835,Arthur,Plevin,aplevinn6@bloglines.com,Male,209.242.144.58
836,Brooks,Casillis,bcasillisn7@google.ca,Female,195.224.67.210
837,Pascale,Andrivot,pandrivotn8@sphinn.com,Male,182.28.115.189
838,Gaile,Sawell,gsawelln9@hhs.gov,Polygender,120.207.247.96
839,Kerk,Speares,kspearesna@e-recht24.de,Male,130.232.104.169
840,Sloane,O'Spellissey,sospellisseynb@cdbaby.com,Male,124.71.234.10
841,Teddy,Barrowclough,tbarrowcloughnc@google.nl,Male,99.154.65.111
842,Mattias,Dillingham,mdillinghamnd@who.int,Male,196.183.5.107
843,Idalina,Greasty,igreastyne@umn.edu,Female,117.134.35.33
844,Reggie,Toft,rtoftnf@diigo.com,Male,119.59.8.118
845,Oates,Easterling,oeasterlingng@latimes.com,Non-binary,179.247.118.160
846,Shannen,Francioli,sfranciolinh@live.com,Female,171.71.138.88
847,Eadmund,Mellodey,emellodeyni@trellian.com,Male,13.59.195.229
848,Tyson,Gheerhaert,tgheerhaertnj@stumbleupon.com,Male,203.122.129.3
849,Rolph,Bilbrooke,rbilbrookenk@typepad.com,Male,87.213.42.153
850,Vince,Thackray,vthackraynl@hc360.com,Male,233.199.158.158
851,Toddy,Vickerstaff,tvickerstaffnm@tripod.com,Male,248.187.96.67
852,Cati,Bullingham,cbullinghamnn@tripod.com,Female,121.188.166.23
853,Reese,Gerard,rgerardno@youtube.com,Male,53.8.196.223
854,Ottilie,Hodge,ohodgenp@ibm.com,Female,92.63.89.169
855,Maryl,Dayley,mdayleynq@nifty.com,Female,220.150.203.144
856,Lamont,Barukh,lbarukhnr@is.gd,Male,174.185.109.244
857,Polly,MacGillavery,pmacgillaveryns@acquirethisname.com,Female,76.31.245.191
858,Joan,Casswell,jcasswellnt@nbcnews.com,Female,89.125.177.80
859,Cthrine,Foynes,cfoynesnu@mozilla.org,Female,54.106.123.71
860,Cristy,Linklater,clinklaternv@aboutads.info,Female,171.154.254.54
861,Ciro,Fruser,cfrusernw@japanpost.jp,Male,223.176.149.132
862,Oberon,Kollach,okollachnx@360.cn,Male,213.2.65.226
863,Lief,Berthon,lberthonny@weather.com,Male,252.21.115.196
864,Michele,Golledge,mgolledgenz@unc.edu,Male,235.47.102.143
865,Jefferson,Norsister,jnorsistero0@sohu.com,Male,245.26.149.156
866,Jourdan,Sabater,jsabatero1@about.me,Female,65.112.233.206
867,Poul,Umpleby,pumplebyo2@jalbum.net,Male,227.44.48.94
868,Inness,Edmons,iedmonso3@cisco.com,Male,233.155.141.242
869,Timmie,Cominetti,tcominettio4@japanpost.jp,Female,112.135.95.196
870,Velma,Richardeau,vrichardeauo5@prlog.org,Female,22.32.231.66
871,Ingmar,Dienes,idieneso6@cnn.com,Male,242.5.192.96
872,Leshia,Wratten,lwratteno7@umich.edu,Female,88.169.235.214
873,Cyrill,Ullett,culletto8@kickstarter.com,Male,249.104.15.51
874,Simeon,Droghan,sdroghano9@paypal.com,Male,217.255.214.237
875,Lionel,Olliar,lolliaroa@vkontakte.ru,Male,77.96.254.30
876,Annelise,Harbin,aharbinob@over-blog.com,Female,133.0.103.151
877,Gena,Bahlmann,gbahlmannoc@cdc.gov,Female,237.30.161.109
878,Dene,Stennes,dstennesod@microsoft.com,Agender,37.82.161.133
879,Clementius,Blannin,cblanninoe@prlog.org,Male,22.187.155.11
880,Fey,De Cleyne,fdecleyneof@exblog.jp,Female,240.38.184.207
881,Carey,Grimston,cgrimstonog@pbs.org,Male,166.38.100.4
882,Isaiah,Rubenfeld,irubenfeldoh@nature.com,Male,147.215.15.80
883,Gaylene,Matasov,gmatasovoi@techcrunch.com,Female,149.178.188.130
884,Hardy,Scarborough,hscarboroughoj@intel.com,Male,26.39.193.254
885,Edwin,Stryde,estrydeok@ameblo.jp,Male,145.78.167.220
886,Cirillo,Crossland,ccrosslandol@weebly.com,Male,167.141.141.208
887,Ernesta,Killick,ekillickom@360.cn,Female,255.232.223.16
888,Lennard,Sunshine,lsunshineon@kickstarter.com,Male,119.239.60.60
889,Franzen,Pawlata,fpawlataoo@domainmarket.com,Male,126.87.112.87
890,Ania,Bidewel,abidewelop@oakley.com,Polygender,113.158.131.167
891,Skippie,Britt,sbrittoq@prnewswire.com,Male,222.6.94.176
892,Fidelio,Agostini,fagostinior@ihg.com,Male,208.241.137.49
893,Nikolia,Alabaster,nalabasteros@cornell.edu,Female,74.208.211.191
894,Lev,Smelley,lsmelleyot@yolasite.com,Male,136.72.245.78
895,Darcie,Bogey,dbogeyou@businessweek.com,Female,80.38.35.1
896,Kore,Heinrici,kheinriciov@woothemes.com,Female,184.95.193.209
897,Carlynne,Bemand,cbemandow@e-recht24.de,Female,48.145.96.48
898,Yvette,Fleckno,yflecknoox@cnn.com,Female,50.92.169.185
899,Haleigh,Toppin,htoppinoy@smugmug.com,Female,219.117.188.233
900,Oran,Bulfield,obulfieldoz@cbsnews.com,Male,61.156.20.132
901,Renell,Tufts,rtuftsp0@sbwire.com,Female,83.101.164.220
902,Sue,Stronach,sstronachp1@youtu.be,Female,107.208.249.192
903,Osmond,Huband,ohubandp2@berkeley.edu,Male,123.76.69.28
904,Verney,Melland,vmellandp3@sohu.com,Male,39.35.166.39
905,Konstantine,Goggey,kgoggeyp4@vimeo.com,Male,159.98.86.245
906,Edita,Tortice,etorticep5@youtu.be,Female,246.226.212.190
907,Jacobo,Severs,jseversp6@aol.com,Male,236.113.156.252
908,Rossie,Housley,rhousleyp7@ucoz.ru,Male,109.42.38.67
909,Vincent,Ebrall,vebrallp8@ca.gov,Male,76.124.190.63
910,Miranda,Wrightem,mwrightemp9@epa.gov,Female,43.5.102.6
911,Walt,Muckeen,wmuckeenpa@i2i.jp,Male,189.91.117.108
912,Gerry,Greenroa,ggreenroapb@merriam-webster.com,Female,189.92.193.13
913,Pace,Frostdyke,pfrostdykepc@nytimes.com,Male,164.103.121.156
914,Malia,Oxnam,moxnampd@1688.com,Female,231.184.111.105
915,Violet,Lynett,vlynettpe@example.com,Female,142.84.65.3
916,Clemence,Scholfield,cscholfieldpf@prlog.org,Female,254.26.172.25
917,Dagny,Livard,dlivardpg@wiley.com,Male,132.53.54.188
918,Megen,Keeltagh,mkeeltaghph@bing.com,Female,46.221.134.98
919,Gay,Duquesnay,gduquesnaypi@reuters.com,Female,4.39.239.108
920,Ava,Soan,asoanpj@jigsy.com,Female,171.2.174.60
921,Stern,Guwer,sguwerpk@wikimedia.org,Genderqueer,104.129.38.152
922,Paquito,Jobey,pjobeypl@pbs.org,Male,91.241.87.25
923,Sonia,Malacrida,smalacridapm@gmpg.org,Female,252.24.3.23
924,Dannel,Potbury,dpotburypn@umn.edu,Male,176.32.234.218
925,Elnar,Wasiela,ewasielapo@gmpg.org,Male,114.64.92.188
926,Northrup,Birth,nbirthpp@princeton.edu,Male,43.121.141.226
927,Alphonse,Gilliat,agilliatpq@irs.gov,Male,21.148.219.11
928,Sophi,Maw,smawpr@google.com.au,Female,123.17.116.32
929,Whitaker,Annion,wannionps@mtv.com,Male,31.36.6.24
930,Bary,Buttrey,bbuttreypt@bloglovin.com,Male,216.148.185.151
931,Angel,Piscot,apiscotpu@blogger.com,Male,42.60.32.243
932,Kelcie,Mulderrig,kmulderrigpv@woothemes.com,Female,121.65.243.250
933,Shamus,Fiske,sfiskepw@webs.com,Male,128.233.142.150
934,Nata,Slora,nslorapx@feedburner.com,Female,28.173.193.129
935,Debor,Lewcock,dlewcockpy@salon.com,Bigender,7.73.32.185
936,Bryanty,Kenion,bkenionpz@typepad.com,Male,102.229.74.41
937,Cosme,Matovic,cmatovicq0@quantcast.com,Male,220.10.116.154
938,Godard,Brough,gbroughq1@slate.com,Male,119.199.94.23
939,Ferrell,Soares,fsoaresq2@dropbox.com,Male,220.34.190.78
940,Nina,MacCaughey,nmaccaugheyq3@sohu.com,Female,151.94.126.6
941,Maxy,Stiddard,mstiddardq4@printfriendly.com,Male,203.4.146.124
942,Bear,Stitwell,bstitwellq5@ifeng.com,Male,85.31.45.21
943,Chip,Chastaing,cchastaingq6@sciencedirect.com,Male,208.5.181.104
944,Karlik,Cleaver,kcleaverq7@howstuffworks.com,Male,52.214.166.58
945,Salaidh,Semaine,ssemaineq8@wiley.com,Female,124.210.125.217
946,Tybalt,Annice,tanniceq9@globo.com,Male,110.207.180.39
947,Lalo,O'Flaherty,loflahertyqa@utexas.edu,Male,62.163.210.34
948,Anders,Lieb,aliebqb@biblegateway.com,Male,68.63.120.4
949,Cob,Riglar,criglarqc@imageshack.us,Agender,224.111.77.40
950,Padraig,Dane,pdaneqd@gravatar.com,Male,129.215.180.179
951,Edd,Dallander,edallanderqe@over-blog.com,Male,55.29.251.30
952,Dill,Boothman,dboothmanqf@wikimedia.org,Male,63.108.134.254
953,Marcos,Keiley,mkeileyqg@pinterest.com,Male,79.180.4.196
954,Carson,Klossek,cklossekqh@sfgate.com,Male,94.153.149.153
955,Josefa,Luffman,jluffmanqi@hostgator.com,Genderqueer,245.47.208.171
956,Demeter,Rivard,drivardqj@macromedia.com,Female,136.192.110.118
957,Jamey,Tomkies,jtomkiesqk@odnoklassniki.ru,Male,21.10.116.235
958,Franzen,Nolton,fnoltonql@sourceforge.net,Male,151.158.162.219
959,Nevins,Thys,nthysqm@java.com,Male,12.121.250.126
960,Vita,Whittle,vwhittleqn@wiley.com,Female,131.179.92.235
961,Davis,Rudolfer,drudolferqo@github.com,Male,26.54.53.97
962,Waly,Coye,wcoyeqp@wordpress.org,Female,102.90.89.31
963,Callean,Moulson,cmoulsonqq@pbs.org,Genderqueer,152.210.11.91
964,Adelaide,Volke,avolkeqr@dot.gov,Female,191.254.137.76
965,Roderick,Klauer,rklauerqs@go.com,Male,207.81.137.95
966,Schuyler,Poure,spoureqt@a8.net,Male,183.37.200.105
967,Ezequiel,Ebbrell,eebbrellqu@meetup.com,Male,142.229.246.157
968,Brucie,Camplen,bcamplenqv@cam.ac.uk,Male,60.245.192.96
969,Arabelle,Bartelli,abartelliqw@shareasale.com,Female,20.250.150.71
970,Dottie,Loosley,dloosleyqx@last.fm,Female,103.253.109.246
971,Estele,Davitashvili,edavitashviliqy@infoseek.co.jp,Female,216.51.159.67
972,Kyrstin,Hiner,khinerqz@digg.com,Female,73.118.187.102
973,Mellisent,Lazell,mlazellr0@ovh.net,Female,136.73.154.115
974,Sylvester,Slixby,sslixbyr1@comsenz.com,Male,91.75.233.52
975,Cassie,See,cseer2@yellowbook.com,Female,110.72.89.178
976,Emmalee,Pegrum,epegrumr3@usatoday.com,Female,103.8.64.117
977,Sherlocke,Colt,scoltr4@webnode.com,Male,161.174.164.1
978,Libbie,Fairholme,lfairholmer5@phoca.cz,Female,253.174.112.122
979,Cherri,Rogger,croggerr6@spotify.com,Female,247.86.22.213
980,Ina,Yakunin,iyakuninr7@ed.gov,Female,20.203.149.23
981,Hadrian,Pawfoot,hpawfootr8@telegraph.co.uk,Genderqueer,177.138.219.136
982,Gardiner,Whitchurch,gwhitchurchr9@mapquest.com,Male,172.254.247.108
983,Sapphire,Jenkyn,sjenkynra@barnesandnoble.com,Female,64.9.95.196
984,Aylmar,Sackes,asackesrb@flickr.com,Male,63.89.219.196
985,Trumaine,Gyves,tgyvesrc@edublogs.org,Male,122.90.218.40
986,Humfried,Cohn,hcohnrd@prlog.org,Male,86.193.14.235
987,Gustav,Aisthorpe,gaisthorpere@wikipedia.org,Male,87.48.197.1
988,Reginauld,Firman,rfirmanrf@meetup.com,Male,131.3.180.246
989,Courtnay,Brymham,cbrymhamrg@unblog.fr,Male,110.94.214.227
990,Erinna,Fusco,efuscorh@jalbum.net,Female,77.151.174.136
991,Maribel,Critchard,mcritchardri@about.me,Female,119.115.214.142
992,Sondra,Jagoe,sjagoerj@fastcompany.com,Female,178.84.46.118
993,Karlene,Gard,kgardrk@odnoklassniki.ru,Female,128.222.28.201
994,Bertrando,Crasswell,bcrasswellrl@boston.com,Male,120.89.43.235
995,Shaun,Rivlin,srivlinrm@sitemeter.com,Male,170.102.63.214
996,Kassey,Leabeater,kleabeaterrn@fema.gov,Female,222.126.60.239
997,Filippa,Islep,fislepro@dropbox.com,Female,183.205.141.162
998,Sheff,Issitt,sissittrp@biglobe.ne.jp,Male,169.197.9.107
999,Caresse,Breacher,cbreacherrq@home.pl,Non-binary,220.222.131.91
1000,Danielle,McKirdy,dmckirdyrr@miibeian.gov.cn,Female,178.166.1.95
